<application>
  <component name="SettingsSyncSettings">
    <option name="disabledSubcategories">
      <map>
        <entry key="PLUGINS">
          <value>
            <list>
              <option value="com.compilerexplorer.compilerexplorer" />
              <option value="com.jetbrains.edu" />
              <option value="com.khmelyuk.multirun" />
              <option value="com.markskelton.one-dark-theme" />
              <option value="com.undo_software.clion.reverse" />
              <option value="me.x150.intellij-code-screenshots" />
              <option value="monokai-pro" />
              <option value="org.turbanov.run.configuration.as.action" />
            </list>
          </value>
        </entry>
      </map>
    </option>
    <option name="migrationFromOldStorageChecked" value="true" />
  </component>
</application>