<application>
  <component name="DimensionService">
    <size key="GridCell.Tab.0.left.0.0.1920.1080@144dpi" width="744" height="912" />
    <size key="GridCell.Tab.0.center.0.0.1920.1080@144dpi" width="744" height="912" />
    <size key="GridCell.Tab.0.right.0.0.1920.1080@144dpi" width="744" height="912" />
    <size key="GridCell.Tab.0.bottom.0.0.1920.1080@144dpi" width="744" height="912" />
    <size key="GridCell.Tab.0.left.0.0.1920.1080@120dpi" width="632" height="752" />
    <size key="GridCell.Tab.0.center.0.0.1920.1080@120dpi" width="632" height="752" />
    <size key="GridCell.Tab.0.right.0.0.1920.1080@120dpi" width="632" height="752" />
    <size key="GridCell.Tab.0.bottom.0.0.1920.1080@120dpi" width="632" height="752" />
    <size key="GridCell.Tab.1.left.0.0.1920.1080@144dpi" width="1823" height="396" />
    <size key="GridCell.Tab.1.center.0.0.1920.1080@144dpi" width="1823" height="396" />
    <size key="GridCell.Tab.1.right.0.0.1920.1080@144dpi" width="1823" height="396" />
    <size key="GridCell.Tab.1.bottom.0.0.1920.1080@144dpi" width="1823" height="396" />
    <size key="GridCell.Tab.2.left.0.0.1920.1080@144dpi" width="1823" height="396" />
    <size key="GridCell.Tab.2.center.0.0.1920.1080@144dpi" width="1823" height="396" />
    <size key="GridCell.Tab.2.right.0.0.1920.1080@144dpi" width="1823" height="396" />
    <size key="GridCell.Tab.2.bottom.0.0.1920.1080@144dpi" width="1823" height="396" />
    <size key="GridCell.Tab.3.left.0.0.1920.1080@144dpi" width="1823" height="396" />
    <size key="GridCell.Tab.3.center.0.0.1920.1080@144dpi" width="1823" height="396" />
    <size key="GridCell.Tab.3.right.0.0.1920.1080@144dpi" width="1823" height="396" />
    <size key="GridCell.Tab.3.bottom.0.0.1920.1080@144dpi" width="1823" height="396" />
  </component>
  <component name="WindowManager">
    <frame x="-11" y="-11" width="1943" height="1103" extendedState="6" />
  </component>
</application>